{
  "loss": [
    0.4434669315814972,
    0.43995988368988037,
    0.436336487531662,
    0.43636801838874817,
    0.43642017245292664,
    0.43305009603500366,
    0.4348030388355255
  ],
  "val_loss": [
    0.26492151618003845,
    0.26468849182128906,
    0.2652924656867981,
    0.2646894156932831,
    0.2647676467895508,
    0.26469454169273376,
    0.2654322683811188
  ],
  "mae": [
    0.8126169443130493,
    0.8063982129096985,
    0.7974645495414734,
    0.8006689548492432,
    0.8017804622650146,
    0.7966694831848145,
    0.8002686500549316
  ],
  "val_mae": [
    0.5829924941062927,
    0.5842289924621582,
    0.5867908000946045,
    0.5842443108558655,
    0.5846548080444336,
    0.5843188762664795,
    0.5835081934928894
  ],
  "epochs": 7,
  "best_epoch": 2
}